{
    "manifest_version": 3,
    "name": "Solana Dev Wallet Ext",
    "short_name": "soldevwallet",
    "description": "Browser extension for monitoring Solana stats",
    "version": "0.0.1",
    "author": "@dmgorsky",
    "action": {
        "default_title": "Solana Dev Wallet",
        "default_icon": {
            "19": "assets/toolbar_icon_19.png",
            "16": "assets/toolbar_icon_16.png",
            "32": "assets/toolbar_icon_32.png",
            "38": "assets/toolbar_icon_38.png"
        },
        "default_popup": "js/popup.html"
    },
    "content_security_policy": {
        "extension_pages": "script-src 'self' 'wasm-unsafe-eval'; object-src 'self';"
    },
    "background": {
        "type": "module",
        "scripts": [
            "js/background.js"
        ]
    },
    "permissions": [
        "webRequest"
    ],
    "host_permissions": [
        "*://*.*/*"
    ],
    "web_accessible_resources": [
        {
            "matches": [
                "<all_urls>"
            ],
            "resources": [
                "js/wasm/wasm_mod.js",
                "js/wasm/wasm_mod_bg.wasm"
            ]
        }
    ],
    "browser_specific_settings": {
        "gecko": {
            "id": "{aed20410-8c19-4833-aa70-42223e29c364}",
            "strict_min_version": "112.0"
        }
    }
}
